"mĺnad","institut","120 Summa tillgĺngar","103 Utlĺning, Totalt","220 Summa skulder inkl. eget kapital","201 In-/upplĺning, Totalt","203 Emitterade värdepapper","2035 Säkerställda obligationer, Emitterade"
"2015M01","Skandinaviska Enskilda Banken AB (Publ)",2405345,1309289,2405345,1118786,695954,312138
"2015M01","Swedbank AB (Publ)",1651636,898234,1651636,990435,344198,0
"2015M01","Svenska Handelsbanken AB (Publ)",2255056,1355883,2255056,1298964,641994,0
"2015M02","Skandinaviska Enskilda Banken AB (Publ)",2414958,1307424,2414958,1183776,661347,317981
"2015M02","Swedbank AB (Publ)",1670907,893329,1670907,994308,357087,0
"2015M02","Svenska Handelsbanken AB (Publ)",2235308,1374670,2235308,1267929,646013,0
"2015M03","Skandinaviska Enskilda Banken AB (Publ)",2404089,1348664,2404089,1077326,711071,322817
"2015M03","Swedbank AB (Publ)",1560253,891354,1560253,881615,356676,0
"2015M03","Svenska Handelsbanken AB (Publ)",2270328,1347088,2270328,1290260,646588,0
"2015M04","Skandinaviska Enskilda Banken AB (Publ)",2395987,1353517,2395987,1152999,691784,322775
"2015M04","Swedbank AB (Publ)",1654077,910921,1654077,1026419,324750,0
"2015M04","Svenska Handelsbanken AB (Publ)",2244582,1373627,2244582,1297859,640710,0
"2015M05","Skandinaviska Enskilda Banken AB (Publ)",2527445,1417342,2527445,1276520,717581,322454
"2015M05","Swedbank AB (Publ)",1673085,894978,1673085,1017555,366299,0
"2015M05","Svenska Handelsbanken AB (Publ)",2223577,1379201,2223577,1280966,634855,0
"2015M06","Skandinaviska Enskilda Banken AB (Publ)",2201327,1349664,2201327,1026323,684258,288569
"2015M06","Swedbank AB (Publ)",1538059,899739,1538059,911986,307731,0
"2015M06","Svenska Handelsbanken AB (Publ)",2263168,1436025,2263168,1323064,640973,0
"2015M07","Skandinaviska Enskilda Banken AB (Publ)",2428694,1362062,2428694,1216322,713698,295806
"2015M07","Swedbank AB (Publ)",1634474,919355,1634474,1005883,336961,0
"2015M07","Svenska Handelsbanken AB (Publ)",2291406,1423271,2291406,1336187,659702,0
"2015M08","Skandinaviska Enskilda Banken AB (Publ)",2472376,1370747,2472376,1241252,701086,305183
"2015M08","Swedbank AB (Publ)",1692456,904656,1692456,1030850,371490,0
"2015M08","Svenska Handelsbanken AB (Publ)",2267063,1402426,2267063,1306569,668802,0
"2015M09","Skandinaviska Enskilda Banken AB (Publ)",2186407,1374440,2186407,990801,689557,304486
"2015M09","Swedbank AB (Publ)",1536372,897619,1536372,830165,412141,0
"2015M09","Svenska Handelsbanken AB (Publ)",2270510,1370437,2270510,1284792,679168,0
"2015M10","Skandinaviska Enskilda Banken AB (Publ)",2442718,1375196,2442718,1229937,711816,313127
"2015M10","Swedbank AB (Publ)",1651168,907968,1651168,987210,379022,0
"2015M10","Svenska Handelsbanken AB (Publ)",2270152,1388891,2270152,1308132,681457,0
"2015M11","Skandinaviska Enskilda Banken AB (Publ)",2459853,1350948,2459853,1250626,705470,313650
"2015M11","Swedbank AB (Publ)",1600700,861165,1600700,927458,375864,0
"2015M11","Svenska Handelsbanken AB (Publ)",2262773,1396389,2262773,1293035,683277,0
"2015M12","Skandinaviska Enskilda Banken AB (Publ)",1899524,1261632,1899524,845686,618683,313486
"2015M12","Swedbank AB (Publ)",1365768,866255,1365768,833618,276579,0
"2015M12","Svenska Handelsbanken AB (Publ)",1865266,1335361,1865266,929600,677576,0
"2016M01","Skandinaviska Enskilda Banken AB (Publ)",2319382,1289923,2319382,1221598,626203,307708
"2016M01","Swedbank AB (Publ)",1533183,877042,1533183,934737,321244,0
"2016M01","Svenska Handelsbanken AB (Publ)",2242773,1409869,2242773,1260176,705278,0
"2016M02","Skandinaviska Enskilda Banken AB (Publ)",2407434,1319492,2407434,1262405,650828,319645
"2016M02","Swedbank AB (Publ)",1644815,902136,1644815,1032174,317231,0
"2016M02","Svenska Handelsbanken AB (Publ)",2229117,1373440,2229117,1258576,692472,0
"2016M03","Skandinaviska Enskilda Banken AB (Publ)",2178651,1334302,2178651,1025425,645464,323500
"2016M03","Swedbank AB (Publ)",1607288,916423,1607288,991596,291716,0
"2016M03","Svenska Handelsbanken AB (Publ)",2182095,1357107,2182095,1251684,663617,0
"2016M04","Skandinaviska Enskilda Banken AB (Publ)",2417701,1362028,2417701,1274746,667815,328546
"2016M04","Swedbank AB (Publ)",1618360,925395,1618360,1030988,294230,0
"2016M04","Svenska Handelsbanken AB (Publ)",2220764,1388489,2220764,1287603,668212,0
"2016M05","Skandinaviska Enskilda Banken AB (Publ)",2494999,1375230,2494999,1311942,680135,334359
"2016M05","Swedbank AB (Publ)",1654243,894500,1654243,1004921,337627,0
"2016M05","Svenska Handelsbanken AB (Publ)",2296436,1442701,2296436,1310567,681942,0
"2016M06","Skandinaviska Enskilda Banken AB (Publ)",2119176,1397707,2119176,1013063,635911,305251
"2016M06","Swedbank AB (Publ)",1695860,992434,1695860,1051046,347487,0
"2016M06","Svenska Handelsbanken AB (Publ)",2333604,1414815,2333604,1353244,707612,0
"2016M07","Skandinaviska Enskilda Banken AB (Publ)",2370017,1465689,2370017,1267479,643376,309877
"2016M07","Swedbank AB (Publ)",1658883,910800,1658883,1053999,302859,0
"2016M07","Svenska Handelsbanken AB (Publ)",2313384,1419742,2313384,1338576,697454,0
"2016M08","Skandinaviska Enskilda Banken AB (Publ)",2338139,1399664,2338139,1236476,654519,312973
"2016M08","Swedbank AB (Publ)",1707360,956638,1707360,1090944,320117,0
"2016M08","Svenska Handelsbanken AB (Publ)",2346854,1440579,2346854,1340533,724861,0
"2016M09","Skandinaviska Enskilda Banken AB (Publ)",2262817,1477291,2262817,1113176,680943,313684
"2016M09","Swedbank AB (Publ)",1597557,977481,1597557,957343,341656,0
"2016M09","Svenska Handelsbanken AB (Publ)",2213398,1472491,2213398,1229961,712978,0
"2016M10","Skandinaviska Enskilda Banken AB (Publ)",2306477,1482368,2306477,1135427,683904,317415
"2016M10","Swedbank AB (Publ)",1608907,1001415,1608907,989382,307004,0
"2016M10","Svenska Handelsbanken AB (Publ)",2276037,1473233,2276037,1259467,735092,0
"2016M11","Skandinaviska Enskilda Banken AB (Publ)",2287911,1493365,2287911,1119100,693175,317067
"2016M11","Swedbank AB (Publ)",1558241,958336,1558241,950250,310630,0
"2016M11","Svenska Handelsbanken AB (Publ)",2271806,1489446,2271806,1291830,709649,0
"2016M12","Skandinaviska Enskilda Banken AB (Publ)",2040921,1509705,2040921,1004220,650664,317512
"2016M12","Swedbank AB (Publ)",1364509,930616,1364509,805379,282994,0
"2016M12","Svenska Handelsbanken AB (Publ)",1924241,1365002,1924241,1019404,649559,0
"2017M01","Skandinaviska Enskilda Banken AB (Publ)",2314329,1476470,2314329,1217767,680335,322466
"2017M01","Swedbank AB (Publ)",1579299,902286,1579299,896652,312171,0
"2017M01","Svenska Handelsbanken AB (Publ)",2220230,1437730,2220230,1231046,674537,0
"2017M02","Skandinaviska Enskilda Banken AB (Publ)",2305318,1483696,2305318,1203017,690681,325167
"2017M02","Swedbank AB (Publ)",1643037,876883,1643037,942821,364856,0
"2017M02","Svenska Handelsbanken AB (Publ)",2227602,1462762,2227602,1276871,684804,0
"2017M03","Skandinaviska Enskilda Banken AB (Publ)",2354659,1506363,2354659,1217164,711932,327771
"2017M03","Swedbank AB (Publ)",1617219,895857,1617219,908999,429875,0
"2017M03","Svenska Handelsbanken AB (Publ)",2191901,1457522,2191901,1260320,675487,0
"2017M04","Skandinaviska Enskilda Banken AB (Publ)",2334316,1553023,2334316,1244660,688996,325463
"2017M04","Swedbank AB (Publ)",1616218,882919,1616218,951248,388415,0
"2017M04","Svenska Handelsbanken AB (Publ)",2258142,1477642,2258142,1322200,682503,0
"2017M05","Skandinaviska Enskilda Banken AB (Publ)",2404067,1510577,2404067,1295331,681471,333518
"2017M05","Swedbank AB (Publ)",1649825,883091,1649825,970876,394321,0
"2017M05","Svenska Handelsbanken AB (Publ)",2273700,1506758,2273700,1345146,667270,0
"2017M06","Skandinaviska Enskilda Banken AB (Publ)",2210937,1521430,2210937,1154068,635566,317197
"2017M06","Swedbank AB (Publ)",1585976,954463,1585976,962978,350825,0
"2017M06","Svenska Handelsbanken AB (Publ)",2265954,1479900,2265954,1333017,685285,0
"2017M07","Skandinaviska Enskilda Banken AB (Publ)",2323933,1474193,2323933,1246183,632879,318955
"2017M07","Swedbank AB (Publ)",1568427,909812,1568427,943151,346144,0
"2017M07","Svenska Handelsbanken AB (Publ)",2272801,1525357,2272801,1333551,690340,0
"2017M08","Skandinaviska Enskilda Banken AB (Publ)",2299567,1460104,2299567,1229942,623914,319745
"2017M08","Swedbank AB (Publ)",1624340,927346,1624340,981469,355390,0
"2017M08","Svenska Handelsbanken AB (Publ)",2260362,1499602,2260362,1324018,688254,0
"2017M09","Skandinaviska Enskilda Banken AB (Publ)",2315342,1466130,2315342,1277238,643874,320768
"2017M09","Swedbank AB (Publ)",1610582,928942,1610582,981723,356805,0
"2017M09","Svenska Handelsbanken AB (Publ)",2272609,1554856,2272609,1340188,682136,0
"2017M10","Skandinaviska Enskilda Banken AB (Publ)",2335844,1480237,2335844,1281115,640387,318324
"2017M10","Swedbank AB (Publ)",1776331,942886,1776331,1030181,400517,0
"2017M10","Svenska Handelsbanken AB (Publ)",2376106,1532823,2376106,1373021,680438,0
"2017M11","Skandinaviska Enskilda Banken AB (Publ)",2303439,1474925,2303439,1251707,648033,327300
"2017M11","Swedbank AB (Publ)",1652828,938136,1652828,991503,388553,0
"2017M11","Svenska Handelsbanken AB (Publ)",2261991,1516343,2261991,1346166,674968,0
"2017M12","Skandinaviska Enskilda Banken AB (Publ)",1958896,1467130,1958896,1014191,599917,324453
"2017M12","Swedbank AB (Publ)",1334465,876761,1334465,773406,323223,0
"2017M12","Svenska Handelsbanken AB (Publ)",2045513,1477878,2045513,1147265,655156,0
"2018M01","Skandinaviska Enskilda Banken AB (Publ)",2294551,1483706,2294551,1211860,637284,329369
"2018M01","Swedbank AB (Publ)",1621739,915291,1621739,969702,394882,0
"2018M01","Svenska Handelsbanken AB (Publ)",2262427,1532410,2262427,1333529,671775,0
"2018M02","Skandinaviska Enskilda Banken AB (Publ)",2304453,1518731,2304453,1248661,633850,338940
"2018M02","Swedbank AB (Publ)",1605550,888632,1605550,952227,376176,0
"2018M02","Svenska Handelsbanken AB (Publ)",2343211,1589652,2343211,1372871,696511,0
"2018M03","Skandinaviska Enskilda Banken AB (Publ)",2234168,1520373,2234168,1163743,677268,345901
"2018M03","Swedbank AB (Publ)",1566575,936996,1566575,945177,345312,0
"2018M03","Svenska Handelsbanken AB (Publ)",2248543,1644982,2248543,1287160,709297,0
"2018M04","Skandinaviska Enskilda Banken AB (Publ)",2432087,1521937,2432087,1281970,743669,355920
"2018M04","Swedbank AB (Publ)",1738339,958238,1738339,943071,423435,0
"2018M04","Svenska Handelsbanken AB (Publ)",2419753,1632612,2419753,1327859,747899,0
"2018M05","Skandinaviska Enskilda Banken AB (Publ)",2400480,1541855,2400480,1203046,766708,331962
"2018M05","Swedbank AB (Publ)",1648180,993395,1648180,941900,413887,0
"2018M05","Svenska Handelsbanken AB (Publ)",2378371,1637541,2378371,1330559,791421,0
"2018M06","Skandinaviska Enskilda Banken AB (Publ)",2369433,1560641,2369433,1205770,734268,311508
"2018M06","Swedbank AB (Publ)",1754397,985618,1754397,982749,457857,0
"2018M06","Svenska Handelsbanken AB (Publ)",2407235,1655446,2407235,1370447,780875,0
"2018M07","Skandinaviska Enskilda Banken AB (Publ)",2288907,1538433,2288907,1211798,706764,314603
"2018M07","Swedbank AB (Publ)",1880197,997319,1880197,1003264,481251,0
"2018M07","Svenska Handelsbanken AB (Publ)",2436435,1625199,2436435,1336553,767042,0
"2018M08","Skandinaviska Enskilda Banken AB (Publ)",2340381,1587800,2340381,1195700,712677,321587
"2018M08","Swedbank AB (Publ)",1742102,1012693,1742102,948779,469532,0
"2018M08","Svenska Handelsbanken AB (Publ)",2414910,1627336,2414910,1364538,788964,0
"2018M09","Skandinaviska Enskilda Banken AB (Publ)",2321702,1597926,2321702,1202589,703560,321367
"2018M09","Swedbank AB (Publ)",1578537,1024829,1578537,880705,415223,0
"2018M09","Svenska Handelsbanken AB (Publ)",2321305,1611168,2321305,1319312,747869,0
"2018M10","Skandinaviska Enskilda Banken AB (Publ)",2384996,1587185,2384996,1234411,715625,320126
"2018M10","Swedbank AB (Publ)",1622146,1024562,1622146,889068,440693,0
"2018M10","Svenska Handelsbanken AB (Publ)",2336193,1631490,2336193,1321693,762858,0
"2018M11","Skandinaviska Enskilda Banken AB (Publ)",2349515,1566271,2349515,1252072,693285,322294
"2018M11","Swedbank AB (Publ)",1572218,1013813,1572218,906773,376011,0
"2018M11","Svenska Handelsbanken AB (Publ)",2380538,1623664,2380538,1349896,777787,0
"2018M12","Skandinaviska Enskilda Banken AB (Publ)",2138850,1566046,2138850,1094590,674120,327312
"2018M12","Swedbank AB (Publ)",1411493,1030213,1411493,835189,303408,0
"2018M12","Svenska Handelsbanken AB (Publ)",2083668,1466873,2083668,1112208,714756,0
"2019M01","Skandinaviska Enskilda Banken AB (Publ)",2274677,1582477,2274677,1165272,723727,329514
"2019M01","Swedbank AB (Publ)",1722355,1035698,1722355,982726,409535,0
"2019M01","Svenska Handelsbanken AB (Publ)",2158699,1565178,2158699,1175994,735250,0
"2019M02","Skandinaviska Enskilda Banken AB (Publ)",2468265,1606215,2468265,1247346,792677,349148
"2019M02","Swedbank AB (Publ)",1718112,1050338,1718112,1023290,388920,0
"2019M02","Svenska Handelsbanken AB (Publ)",2204731,1580411,2204731,1182736,769100,0
"2019M03","Skandinaviska Enskilda Banken AB (Publ)",2445214,1644595,2445214,1215111,780268,344259
"2019M03","Swedbank AB (Publ)",1595112,1042503,1595112,898270,372997,0
"2019M03","Svenska Handelsbanken AB (Publ)",2232123,1560542,2232123,1209166,764391,0
"2019M04","Skandinaviska Enskilda Banken AB (Publ)",2419075,1660595,2419075,1191063,801396,352249
"2019M04","Swedbank AB (Publ)",1641430,1063378,1641430,933240,359847,0
"2019M04","Svenska Handelsbanken AB (Publ)",2225647,1572676,2225647,1209371,765255,0
"2019M05","Skandinaviska Enskilda Banken AB (Publ)",2427068,1694295,2427068,1175857,806470,356329
"2019M05","Swedbank AB (Publ)",1618374,1007812,1618374,921068,356212,0
"2019M05","Svenska Handelsbanken AB (Publ)",2216778,1562724,2216778,1225317,739700,0
"2019M06","Skandinaviska Enskilda Banken AB (Publ)",2467490,1723674,2467490,1220537,805374,325559
"2019M06","Swedbank AB (Publ)",1583243,995527,1583243,907605,333341,0
"2019M06","Svenska Handelsbanken AB (Publ)",2141328,1530325,2141328,1192587,693641,0
"2019M07","Skandinaviska Enskilda Banken AB (Publ)",2466243,1710094,2466243,1208870,810536,326641
"2019M07","Swedbank AB (Publ)",1606961,990022,1606961,921837,320057,0
"2019M07","Svenska Handelsbanken AB (Publ)",2208464,1572742,2208464,1230086,723422,0
"2019M08","Skandinaviska Enskilda Banken AB (Publ)",2539303,1732056,2539303,1188934,857508,334151
"2019M08","Swedbank AB (Publ)",1701014,994500,1701014,963381,344350,0
"2019M08","Svenska Handelsbanken AB (Publ)",2281673,1577943,2281673,1258595,747772,0
"2019M09","Skandinaviska Enskilda Banken AB (Publ)",2585479,1730687,2585479,1228333,879001,345647
"2019M09","Swedbank AB (Publ)",1583322,957486,1583322,901095,316251,0
"2019M09","Svenska Handelsbanken AB (Publ)",2243441,1589486,2243441,1257384,727637,0
"2019M10","Skandinaviska Enskilda Banken AB (Publ)",2587028,1737396,2587028,1205660,924238,352807
"2019M10","Swedbank AB (Publ)",1638044,997297,1638044,976594,314917,0
"2019M10","Svenska Handelsbanken AB (Publ)",2313462,1601475,2313462,1327280,740747,0
"2019M11","Skandinaviska Enskilda Banken AB (Publ)",2578214,1759023,2578214,1246339,897920,356930
"2019M11","Swedbank AB (Publ)",1590819,977708,1590819,952019,292007,0
"2019M11","Svenska Handelsbanken AB (Publ)",2256733,1561453,2256733,1287218,733045,0
"2019M12","Skandinaviska Enskilda Banken AB (Publ)",2400003,1752270,2400003,1134246,848522,357290
"2019M12","Swedbank AB (Publ)",1544201,1030218,1544201,922727,273748,0
"2019M12","Svenska Handelsbanken AB (Publ)",2112493,1527133,2112493,1140142,723237,0
"2020M01","Skandinaviska Enskilda Banken AB (Publ)",2634735,1773732,2634735,1272199,939227,363801
"2020M01","Swedbank AB (Publ)",1669999,1024948,1669999,992375,309915,0
"2020M01","Svenska Handelsbanken AB (Publ)",2408584,1585720,2408584,1371827,781390,0
"2020M02","Skandinaviska Enskilda Banken AB (Publ)",2612595,1779173,2612595,1241110,931048,361029
"2020M02","Swedbank AB (Publ)",1788886,1032718,1788886,1053945,356442,0
"2020M02","Svenska Handelsbanken AB (Publ)",2431614,1562333,2431614,1366264,797072,0
"2020M03","Skandinaviska Enskilda Banken AB (Publ)",2862976,1813855,2862976,1398672,896856,365457
"2020M03","Swedbank AB (Publ)",1942643,1079721,1942643,1126752,316103,0
"2020M03","Svenska Handelsbanken AB (Publ)",2643994,1603599,2643994,1509457,785046,0
"2020M04","Skandinaviska Enskilda Banken AB (Publ)",2792756,1794828,2792756,1421481,876008,368187
"2020M04","Swedbank AB (Publ)",1852694,1097094,1852694,1170687,310172,0
"2020M04","Svenska Handelsbanken AB (Publ)",2511400,1597708,2511400,1465178,785315,0
"2020M05","Skandinaviska Enskilda Banken AB (Publ)",2762618,1795457,2762618,1455571,807849,367565
"2020M05","Swedbank AB (Publ)",1919740,1158886,1919740,1196434,332234,0
"2020M05","Svenska Handelsbanken AB (Publ)",2434948,1627276,2434948,1452939,720941,0
"2020M06","Skandinaviska Enskilda Banken AB (Publ)",2772107,1802066,2772107,1484074,770817,332256
"2020M06","Swedbank AB (Publ)",2080114,1168232,2080114,1194263,335690,0
"2020M06","Svenska Handelsbanken AB (Publ)",2566777,1620456,2566777,1497418,739758,0
"2020M07","Skandinaviska Enskilda Banken AB (Publ)",2670582,1784742,2670582,1429356,736430,329126
"2020M07","Swedbank AB (Publ)",1868321,1104810,1868321,1190768,304857,0
"2020M07","Svenska Handelsbanken AB (Publ)",2326994,1612662,2326994,1389523,670773,0
"2020M08","Skandinaviska Enskilda Banken AB (Publ)",2705118,1780749,2705118,1451826,758252,332760
"2020M08","Swedbank AB (Publ)",1891317,1160354,1891317,1208394,294675,0
"2020M08","Svenska Handelsbanken AB (Publ)",2326659,1621219,2326659,1389015,670069,0
"2020M09","Skandinaviska Enskilda Banken AB (Publ)",2747622,1782642,2747622,1484661,815105,338813
"2020M09","Swedbank AB (Publ)",1857652,1123968,1857652,1190796,308345,0
"2020M09","Svenska Handelsbanken AB (Publ)",2352406,1565150,2352406,1390851,692318,0
"2020M10","Skandinaviska Enskilda Banken AB (Publ)",2668988,1755150,2668988,1474556,770418,334319
"2020M10","Swedbank AB (Publ)",1865405,1112849,1865405,1207042,313192,0
"2020M10","Svenska Handelsbanken AB (Publ)",2301845,1543576,2301845,1369926,663506,0
"2020M11","Skandinaviska Enskilda Banken AB (Publ)",2668372,1755670,2668372,1470169,730563,321731
"2020M11","Swedbank AB (Publ)",1852869,1155098,1852869,1191899,291507,0
"2020M11","Svenska Handelsbanken AB (Publ)",2299597,1545352,2299597,1362516,673266,0
"2020M12","Skandinaviska Enskilda Banken AB (Publ)",2601188,1710079,2601188,1371628,741663,324135
"2020M12","Swedbank AB (Publ)",1772875,1155467,1772875,1149122,270072,0
"2020M12","Svenska Handelsbanken AB (Publ)",2154862,1531720,2154862,1222452,656765,0
"2021M01","Skandinaviska Enskilda Banken AB (Publ)",2826177,1796016,2826177,1659107,781100,330948
"2021M01","Swedbank AB (Publ)",1923899,1136360,1923899,1229892,340015,0
"2021M01","Svenska Handelsbanken AB (Publ)",2389498,1604520,2389498,1431859,680695,0
"2021M02","Skandinaviska Enskilda Banken AB (Publ)",2907508,1807980,2907508,1747087,779256,322291
"2021M02","Swedbank AB (Publ)",1960566,1151474,1960566,1247964,346075,0
"2021M02","Svenska Handelsbanken AB (Publ)",2491069,1595989,2491069,1492682,726556,0
"2021M03","Skandinaviska Enskilda Banken AB (Publ)",2961720,1806202,2961720,1725396,825101,324703
"2021M03","Swedbank AB (Publ)",1954165,1139211,1954165,1203928,388256,0
"2021M03","Svenska Handelsbanken AB (Publ)",2461019,1586659,2461019,1470950,738804,0
"2021M04","Skandinaviska Enskilda Banken AB (Publ)",2981737,1807770,2981737,1758321,844218,317909
"2021M04","Swedbank AB (Publ)",1878524,1095504,1878524,1152852,369802,0
"2021M04","Svenska Handelsbanken AB (Publ)",2504728,1614712,2504728,1524703,728615,0
"2021M05","Skandinaviska Enskilda Banken AB (Publ)",2974874,1817485,2974874,1784640,807527,321746
"2021M05","Swedbank AB (Publ)",1941607,1087245,1941607,1172269,419635,0
"2021M05","Svenska Handelsbanken AB (Publ)",2470349,1602112,2470349,1504770,701801,0
"2021M06","Skandinaviska Enskilda Banken AB (Publ)",2911812,1807154,2911812,1730236,799470,322588
"2021M06","Swedbank AB (Publ)",2071632,1143213,2071632,1269365,468517,0
"2021M06","Svenska Handelsbanken AB (Publ)",2403777,1624352,2403777,1423324,729724,0
"2021M07","Skandinaviska Enskilda Banken AB (Publ)",2980005,1827075,2980005,1807947,791049,325803
"2021M07","Swedbank AB (Publ)",2091188,1164532,2091188,1297660,456565,0
"2021M07","Svenska Handelsbanken AB (Publ)",2435321,1604884,2435321,1459670,725857,0
"2021M08","Skandinaviska Enskilda Banken AB (Publ)",3067485,1818929,3067485,1818265,761333,326930
"2021M08","Swedbank AB (Publ)",2264182,1178313,2264182,1292266,503996,0
"2021M08","Svenska Handelsbanken AB (Publ)",2546598,1610991,2546598,1500112,724760,0
"2021M09","Skandinaviska Enskilda Banken AB (Publ)",3050621,1838029,3050621,1864644,776313,327951
"2021M09","Swedbank AB (Publ)",2139898,1150258,2139898,1226358,539576,0
"2021M09","Svenska Handelsbanken AB (Publ)",2405956,1586442,2405956,1453989,701430,0
"2021M10","Skandinaviska Enskilda Banken AB (Publ)",3099428,1819246,3099428,1909972,763444,326005
"2021M10","Swedbank AB (Publ)",2186747,1158918,2186747,1279846,463591,0
"2021M10","Svenska Handelsbanken AB (Publ)",2446202,1567238,2446202,1512277,682558,0
"2021M11","Skandinaviska Enskilda Banken AB (Publ)",3286086,1855324,3286086,1946793,794333,328563
"2021M11","Swedbank AB (Publ)",2291818,1191826,2291818,1354996,410578,0
"2021M11","Svenska Handelsbanken AB (Publ)",2631035,1594317,2631035,1577562,714758,0
"2021M12","Skandinaviska Enskilda Banken AB (Publ)",2700140,1850035,2700140,1597591,729146,291120
"2021M12","Swedbank AB (Publ)",1831077,1132523,1831077,1104131,334531,0
"2021M12","Svenska Handelsbanken AB (Publ)",2258211,1612756,2258211,1337201,679276,0
"2022M01","Skandinaviska Enskilda Banken AB (Publ)",3182267,1864157,3182267,1952238,783205,298082
"2022M01","Swedbank AB (Publ)",2295406,1177890,2295406,1294806,519172,0
"2022M01","Svenska Handelsbanken AB (Publ)",2588232,1643243,2588232,1604204,719313,0
"2022M02","Skandinaviska Enskilda Banken AB (Publ)",3143057,1910432,3143057,1911646,772893,298421
"2022M02","Swedbank AB (Publ)",2492992,1269654,2492992,1390816,490788,0
"2022M02","Svenska Handelsbanken AB (Publ)",2661781,1665114,2661781,1666538,721556,0
"2022M03","Skandinaviska Enskilda Banken AB (Publ)",3212967,1922692,3212967,1945069,777100,318737
"2022M03","Swedbank AB (Publ)",2486207,1317877,2486207,1293588,403240,0
"2022M03","Svenska Handelsbanken AB (Publ)",2486956,1673935,2486956,1473972,725047,0
"2022M04","Skandinaviska Enskilda Banken AB (Publ)",3385317,1980551,3385317,2024627,781255,319534
"2022M04","Swedbank AB (Publ)",2910862,1327437,2910862,1423882,530894,0
"2022M04","Svenska Handelsbanken AB (Publ)",2810490,1726794,2810490,1733639,776426,0
"2022M05","Skandinaviska Enskilda Banken AB (Publ)",3508140,1988508,3508140,2041839,815797,321315
"2022M05","Swedbank AB (Publ)",3073305,1377794,3073305,1451218,452345,0
"2022M05","Svenska Handelsbanken AB (Publ)",2892922,1729616,2892922,1715503,774985,0
"2022M06","Skandinaviska Enskilda Banken AB (Publ)",3591362,2012847,3591362,2185294,816382,310570
"2022M06","Swedbank AB (Publ)",2907374,1389396,2907374,1247954,476675,0
"2022M06","Svenska Handelsbanken AB (Publ)",2668642,1730447,2668642,1544355,810446,0
"2022M07","Skandinaviska Enskilda Banken AB (Publ)",3494037,1998006,3494037,2123764,826374,310994
"2022M07","Swedbank AB (Publ)",2762883,1348644,2762883,1283870,511776,0
"2022M07","Svenska Handelsbanken AB (Publ)",2786059,1718281,2786059,1676224,816069,0
"2022M08","Skandinaviska Enskilda Banken AB (Publ)",3669433,2075999,3669433,2196604,847401,314538
"2022M08","Swedbank AB (Publ)",3123925,1362011,3123925,1300189,538128,0
"2022M08","Svenska Handelsbanken AB (Publ)",2941835,1758362,2941835,1745829,842620,0
"2022M09","Skandinaviska Enskilda Banken AB (Publ)",3730602,2125065,3730602,2238606,836824,312719
"2022M09","Swedbank AB (Publ)",3241444,1357006,3241444,1216744,530240,0
"2022M09","Svenska Handelsbanken AB (Publ)",2786514,1824501,2786514,1583765,847520,0
"2022M10","Skandinaviska Enskilda Banken AB (Publ)",3808710,2304326,3808710,2216496,954476,308986
"2022M10","Swedbank AB (Publ)",3385637,1362253,3385637,1367665,554560,0
"2022M10","Svenska Handelsbanken AB (Publ)",2943432,1823835,2943432,1749715,849799,0
"2022M11","Skandinaviska Enskilda Banken AB (Publ)",3675913,2172969,3675913,2156726,925889,312937
"2022M11","Swedbank AB (Publ)",3278766,1437883,3278766,1372073,545539,0
"2022M11","Svenska Handelsbanken AB (Publ)",2836012,1838801,2836012,1672047,816393,0
"2022M12","Skandinaviska Enskilda Banken AB (Publ)",2969997,2076304,2969997,1668099,793281,274317
"2022M12","Swedbank AB (Publ)",3194454,1420625,3194454,1191864,491927,0
"2022M12","Svenska Handelsbanken AB (Publ)",2495948,1695559,2495948,1333824,803800,0
"2023M01","Skandinaviska Enskilda Banken AB (Publ)",3500581,2165141,3500581,2081757,874670,278019
"2023M01","Swedbank AB (Publ)",3545185,1487101,3545185,1391627,573025,0
"2023M01","Svenska Handelsbanken AB (Publ)",2892405,1757730,2892405,1612318,814459,0
"2023M02","Skandinaviska Enskilda Banken AB (Publ)",3467715,2194756,3467715,2060928,878531,304578
"2023M02","Swedbank AB (Publ)",3831624,1451431,3831624,1360331,576990,0
"2023M02","Svenska Handelsbanken AB (Publ)",2930266,1763086,2930266,1528123,832829,0
"2023M03","Skandinaviska Enskilda Banken AB (Publ)",3251996,2147400,3251996,1855835,899591,315155
"2023M03","Swedbank AB (Publ)",3245126,1386830,3245126,1189787,593228,0
"2023M03","Svenska Handelsbanken AB (Publ)",2616907,1733512,2616907,1463727,807932,0
"2023M04","Skandinaviska Enskilda Banken AB (Publ)",3404129,2167747,3404129,2010349,878048,323265
"2023M04","Swedbank AB (Publ)",3408562,1417580,3408562,1322404,588043,0
"2023M04","Svenska Handelsbanken AB (Publ)",2742883,1721387,2742883,1569839,824779,0
"2023M05","Skandinaviska Enskilda Banken AB (Publ)",3588066,2239951,3588066,2057877,954532,344949
"2023M05","Swedbank AB (Publ)",3400101,1376789,3400101,1319282,616626,0
"2023M05","Svenska Handelsbanken AB (Publ)",2894517,1748309,2894517,1638758,890043,0
"2023M06","Skandinaviska Enskilda Banken AB (Publ)",3573409,2287580,3573409,2054564,999154,348794
"2023M06","Swedbank AB (Publ)",3326073,1381538,3326073,1201560,570522,0
"2023M06","Svenska Handelsbanken AB (Publ)",2746963,1759539,2746963,1500940,889129,0
"2023M07","Skandinaviska Enskilda Banken AB (Publ)",3570296,2244184,3570296,2061211,1007441,356555
"2023M07","Swedbank AB (Publ)",3329787,1374175,3329787,1268891,565871,0
"2023M07","Svenska Handelsbanken AB (Publ)",2774079,1752783,2774079,1546645,876666,0
"2023M08","Skandinaviska Enskilda Banken AB (Publ)",3664736,2296072,3664736,2073794,1029347,360974
"2023M08","Swedbank AB (Publ)",3359430,1369819,3359430,1259789,586729,0
"2023M08","Svenska Handelsbanken AB (Publ)",2900333,1750856,2900333,1636620,885985,0
"2023M09","Skandinaviska Enskilda Banken AB (Publ)",3554912,2146888,3554912,2065297,970594,360139
"2023M09","Swedbank AB (Publ)",3310502,1368554,3310502,1187393,589635,0
"2023M09","Svenska Handelsbanken AB (Publ)",2636332,1708987,2636332,1417898,864383,0
"2023M10","Skandinaviska Enskilda Banken AB (Publ)",3563579,2159434,3563579,2044222,989988,363809
"2023M10","Swedbank AB (Publ)",3402223,1379918,3402223,1293627,592631,0
"2023M10","Svenska Handelsbanken AB (Publ)",3006097,1701998,3006097,1538542,891314,0
"2023M11","Skandinaviska Enskilda Banken AB (Publ)",3477738,2143459,3477738,1994214,961222,363302
"2023M11","Swedbank AB (Publ)",3154606,1413322,3154606,1222892,544965,0
"2023M11","Svenska Handelsbanken AB (Publ)",2710348,1674015,2710348,1525789,835786,0
"2023M12","Skandinaviska Enskilda Banken AB (Publ)",3019910,2131481,3019910,1675106,864603,323269
"2023M12","Swedbank AB (Publ)",2768293,1407742,2768293,1101184,480090,0
"2023M12","Svenska Handelsbanken AB (Publ)",2435121,1625044,2435121,1305573,803089,0
"2024M01","Skandinaviska Enskilda Banken AB (Publ)",3396732,2181443,3396732,1994451,918222,326868
"2024M01","Swedbank AB (Publ)",2927717,1372036,2927717,1197739,532568,0
"2024M01","Svenska Handelsbanken AB (Publ)",2690607,1622208,2690607,1504833,854275,0
"2024M02","Skandinaviska Enskilda Banken AB (Publ)",3409453,2212012,3409453,1963542,941565,329671
"2024M02","Swedbank AB (Publ)",2983441,1365105,2983441,1186052,570920,0
"2024M02","Svenska Handelsbanken AB (Publ)",2703664,1624028,2703664,1513077,853560,0
"2024M03","Skandinaviska Enskilda Banken AB (Publ)",3480218,2204978,3480218,1963531,1019281,343593
"2024M03","Swedbank AB (Publ)",3022929,1439805,3022929,1157480,575861,0
"2024M03","Svenska Handelsbanken AB (Publ)",2629110,1662468,2629110,1424888,900581,0
"2024M04","Skandinaviska Enskilda Banken AB (Publ)",3632560,2368848,3632560,2093180,1025698,363930
"2024M04","Swedbank AB (Publ)",3188509,1465384,3188509,1268286,592486,0
"2024M04","Svenska Handelsbanken AB (Publ)",2795717,1668050,2795717,1560828,920291,0
"2024M05","Skandinaviska Enskilda Banken AB (Publ)",3581839,2400648,3581839,2064694,1015376,368910
"2024M05","Swedbank AB (Publ)",2998752,1391161,2998752,1175589,568145,0
"2024M05","Svenska Handelsbanken AB (Publ)",2708267,1651349,2708267,1514675,878171,0
"2024M06","Skandinaviska Enskilda Banken AB (Publ)",3498090,2205014,3498090,2044146,971549,364126
"2024M06","Swedbank AB (Publ)",2902278,1404571,2902278,1169968,554423,0
"2024M06","Svenska Handelsbanken AB (Publ)",2548416,1607468,2548416,1396147,851311,0
"2024M07","Skandinaviska Enskilda Banken AB (Publ)",3511918,2365349,3511918,2043702,983978,372367
"2024M07","Swedbank AB (Publ)",2968494,1397079,2968494,1246964,601405,0
"2024M07","Svenska Handelsbanken AB (Publ)",2697046,1615737,2697046,1508912,882421,0
"2024M08","Skandinaviska Enskilda Banken AB (Publ)",3531023,2403618,3531023,2051576,967517,376950
"2024M08","Swedbank AB (Publ)",2974282,1453570,2974282,1244328,591166,0
"2024M08","Svenska Handelsbanken AB (Publ)",2631621,1598388,2631621,1453486,857488,0
"2024M09","Skandinaviska Enskilda Banken AB (Publ)",3461445,2323897,3461445,2033006,953769,380057
"2024M09","Swedbank AB (Publ)",2881356,1488637,2881356,1139843,624732,0
"2024M09","Svenska Handelsbanken AB (Publ)",2554653,1567092,2554653,1391548,848003,0
"2024M10","Skandinaviska Enskilda Banken AB (Publ)",3585238,2492822,3585238,2044932,1011563,382042
"2024M10","Swedbank AB (Publ)",2900122,1393238,2900122,1211548,627045,0
"2024M10","Svenska Handelsbanken AB (Publ)",2679542,1545396,2679542,1491290,860999,0
"2024M11","Skandinaviska Enskilda Banken AB (Publ)",3598027,2348204,3598027,2065162,987614,382623
"2024M11","Swedbank AB (Publ)",2791734,1372885,2791734,1201953,593073,0
"2024M11","Svenska Handelsbanken AB (Publ)",2699096,1540815,2699096,1521435,866593,0
"2024M12","Skandinaviska Enskilda Banken AB (Publ)",3079232,2250544,3079232,1699428,893961,331054
"2024M12","Swedbank AB (Publ)",2576655,1337063,2576655,1080550,517203,0
"2024M12","Svenska Handelsbanken AB (Publ)",2362998,1531565,2362998,1240880,835977,0
"2025M01","Skandinaviska Enskilda Banken AB (Publ)",3545184,2461736,3545184,2053314,988363,340828
"2025M01","Swedbank AB (Publ)",2822847,1427258,2822847,1221480,564335,0
"2025M01","Svenska Handelsbanken AB (Publ)",2647871,1530710,2647871,1495065,847747,0
"2025M02","Skandinaviska Enskilda Banken AB (Publ)",3471015,2403775,3471015,2058158,934752,339652
"2025M02","Swedbank AB (Publ)",2673136,1371693,2673136,1183160,564456,0
"2025M02","Svenska Handelsbanken AB (Publ)",2654625,1521855,2654625,1522034,825748,0
"2025M03","Skandinaviska Enskilda Banken AB (Publ)",3445516,2291707,3445516,2048459,893256,344305
"2025M03","Swedbank AB (Publ)",2682240,1405568,2682240,1172679,544389,0
"2025M03","Svenska Handelsbanken AB (Publ)",2521902,1509462,2521902,1404635,795144,0
"2025M04","Skandinaviska Enskilda Banken AB (Publ)",3533985,2392709,3533985,2090493,898934,351496
"2025M04","Swedbank AB (Publ)",2706354,1430167,2706354,1263942,538620,0
"2025M04","Svenska Handelsbanken AB (Publ)",2572099,1481329,2572099,1500666,758735,0
"2025M05","Skandinaviska Enskilda Banken AB (Publ)",3491327,2378965,3491327,2060911,928427,375389
"2025M05","Swedbank AB (Publ)",2661732,1411855,2661732,1268203,517715,0
"2025M05","Svenska Handelsbanken AB (Publ)",2534336,1486513,2534336,1453822,780821,0
"2025M06","Skandinaviska Enskilda Banken AB (Publ)",3447016,2309565,3447016,2038430,935921,381958
"2025M06","Swedbank AB (Publ)",2582168,1364919,2582168,1154903,542692,0
"2025M06","Svenska Handelsbanken AB (Publ)",2437303,1492819,2437303,1363990,784482,0
"2025M07","Skandinaviska Enskilda Banken AB (Publ)",3487734,2410295,3487734,2089022,936658,381671
"2025M07","Swedbank AB (Publ)",2612463,1388848,2612463,1173730,550038,0
"2025M07","Svenska Handelsbanken AB (Publ)",2546016,1481966,2546016,1463677,794845,0
"2025M08","Skandinaviska Enskilda Banken AB (Publ)",3456102,2300264,3456102,2071670,922940,377682
"2025M08","Swedbank AB (Publ)",2582647,1373609,2582647,1169986,539629,0
"2025M08","Svenska Handelsbanken AB (Publ)",2508256,1480971,2508256,1418611,795796,0
"2025M09","Skandinaviska Enskilda Banken AB (Publ)",3340709,2375102,3340709,1921011,964464,379073
"2025M09","Swedbank AB (Publ)",2580351,1383651,2580351,1111520,552915,0
"2025M09","Svenska Handelsbanken AB (Publ)",2492662,1545584,2492662,1405383,797253,0
"2025M10","Skandinaviska Enskilda Banken AB (Publ)",3349860,2353322,3349860,1918875,958751,382304
"2025M10","Swedbank AB (Publ)",2519473,1353147,2519473,1138797,540294,0
"2025M10","Svenska Handelsbanken AB (Publ)",2514332,1531090,2514332,1417791,805360,0
"2025M11","Skandinaviska Enskilda Banken AB (Publ)",3279187,2340400,3279187,1899151,916977,367324
"2025M11","Swedbank AB (Publ)",2531344,1395293,2531344,1112492,553340,0
"2025M11","Svenska Handelsbanken AB (Publ)",2380670,1506745,2380670,1310869,785971,0
"2025M12","Skandinaviska Enskilda Banken AB (Publ)",2967540,2250871,2967540,1681526,839339,329897
"2025M12","Swedbank AB (Publ)",2450409,1413031,2450409,1103756,500064,0
"2025M12","Svenska Handelsbanken AB (Publ)",2197640,1481877,2197640,1187511,746945,0
